{"backend": "tensorflow", "class_name": "Model", "config": {"name": "model_1", "layers": [{"class_name": "InputLayer", "name": "input_1", "inbound_nodes": [], "config": {"dtype": "int32", "sparse": false, "name": "input_1", "batch_input_shape": [null, 65]}}, {"class_name": "InputLayer", "name": "input_2", "inbound_nodes": [], "config": {"dtype": "int32", "sparse": false, "name": "input_2", "batch_input_shape": [null, 65]}}, {"class_name": "Embedding", "name": "embedding_1", "inbound_nodes": [[["input_1", 0, 0, {}]], [["input_2", 0, 0, {}]]], "config": {"dtype": "float32", "output_dim": 300, "name": "embedding_1", "trainable": false, "batch_input_shape": [null, 65], "mask_zero": false, "embeddings_initializer": {"class_name": "RandomUniform", "config": {"maxval": 0.05, "seed": null, "minval": -0.05}}, "embeddings_regularizer": null, "input_dim": 121327, "input_length": 65, "activity_regularizer": null, "embeddings_constraint": null}}, {"class_name": "CuDNNLSTM", "name": "cu_dnnlstm_1", "inbound_nodes": [[["embedding_1", 0, 0, {}]], [["embedding_1", 1, 0, {}]]], "config": {"stateful": false, "name": "cu_dnnlstm_1", "trainable": true, "recurrent_constraint": null, "return_state": false, "return_sequences": false, "units": 50, "kernel_constraint": null, "kernel_regularizer": null, "bias_regularizer": null, "recurrent_initializer": {"class_name": "Orthogonal", "config": {"gain": 1.0, "seed": null}}, "bias_initializer": {"class_name": "Zeros", "config": {}}, "bias_constraint": null, "unit_forget_bias": true, "kernel_initializer": {"class_name": "VarianceScaling", "config": {"scale": 1.0, "mode": "fan_avg", "distribution": "uniform", "seed": null}}, "activity_regularizer": null, "recurrent_regularizer": null}}, {"class_name": "Concatenate", "name": "concatenate_1", "inbound_nodes": [[["cu_dnnlstm_1", 0, 0, {}], ["cu_dnnlstm_1", 1, 0, {}]]], "config": {"name": "concatenate_1", "trainable": true, "axis": -1}}, {"class_name": "Dense", "name": "dense_1", "inbound_nodes": [[["concatenate_1", 0, 0, {}]]], "config": {"activation": "relu", "name": "dense_1", "trainable": true, "bias_regularizer": null, "kernel_regularizer": null, "kernel_constraint": null, "units": 1, "bias_constraint": null, "activity_regularizer": null, "kernel_initializer": {"class_name": "VarianceScaling", "config": {"scale": 1.0, "mode": "fan_avg", "distribution": "uniform", "seed": null}}, "use_bias": true, "bias_initializer": {"class_name": "Zeros", "config": {}}}}, {"class_name": "InputLayer", "name": "input_3", "inbound_nodes": [], "config": {"dtype": "float32", "sparse": false, "name": "input_3", "batch_input_shape": [null, 1]}}, {"class_name": "InputLayer", "name": "input_4", "inbound_nodes": [], "config": {"dtype": "float32", "sparse": false, "name": "input_4", "batch_input_shape": [null, 1]}}, {"class_name": "Concatenate", "name": "concatenate_2", "inbound_nodes": [[["dense_1", 0, 0, {}], ["input_3", 0, 0, {}], ["input_4", 0, 0, {}]]], "config": {"name": "concatenate_2", "trainable": true, "axis": -1}}, {"class_name": "Dense", "name": "dense_2", "inbound_nodes": [[["concatenate_2", 0, 0, {}]]], "config": {"activation": "sigmoid", "name": "dense_2", "trainable": true, "bias_regularizer": null, "kernel_regularizer": null, "kernel_constraint": null, "units": 1, "bias_constraint": null, "activity_regularizer": null, "kernel_initializer": {"class_name": "VarianceScaling", "config": {"scale": 1.0, "mode": "fan_avg", "distribution": "uniform", "seed": null}}, "use_bias": true, "bias_initializer": {"class_name": "Zeros", "config": {}}}}], "output_layers": [["dense_2", 0, 0]], "input_layers": [["input_1", 0, 0], ["input_2", 0, 0], ["input_3", 0, 0], ["input_4", 0, 0]]}, "keras_version": "2.0.9"}