{"config": {"name": "model_1", "layers": [{"name": "input_1", "class_name": "InputLayer", "config": {"name": "input_1", "sparse": false, "batch_input_shape": [null, 245], "dtype": "int32"}, "inbound_nodes": []}, {"name": "input_2", "class_name": "InputLayer", "config": {"name": "input_2", "sparse": false, "batch_input_shape": [null, 245], "dtype": "int32"}, "inbound_nodes": []}, {"name": "embedding_1", "class_name": "Embedding", "config": {"batch_input_shape": [null, 245], "embeddings_constraint": null, "input_dim": 121327, "trainable": false, "name": "embedding_1", "output_dim": 300, "embeddings_regularizer": null, "input_length": 245, "embeddings_initializer": {"config": {"maxval": 0.05, "seed": null, "minval": -0.05}, "class_name": "RandomUniform"}, "mask_zero": false, "dtype": "float32", "activity_regularizer": null}, "inbound_nodes": [[["input_1", 0, 0, {}]], [["input_2", 0, 0, {}]]]}, {"name": "lstm_1", "class_name": "LSTM", "config": {"recurrent_initializer": {"config": {"seed": null, "gain": 1.0}, "class_name": "Orthogonal"}, "return_state": false, "trainable": true, "name": "lstm_1", "activation": "tanh", "kernel_initializer": {"config": {"seed": null, "distribution": "uniform", "mode": "fan_avg", "scale": 1.0}, "class_name": "VarianceScaling"}, "unroll": false, "units": 50, "kernel_constraint": null, "recurrent_activation": "hard_sigmoid", "bias_constraint": null, "kernel_regularizer": null, "recurrent_dropout": 0.0, "return_sequences": false, "go_backwards": false, "bias_regularizer": null, "dropout": 0.0, "stateful": false, "bias_initializer": {"config": {}, "class_name": "Zeros"}, "recurrent_regularizer": null, "recurrent_constraint": null, "use_bias": true, "unit_forget_bias": true, "implementation": 1, "activity_regularizer": null}, "inbound_nodes": [[["embedding_1", 0, 0, {}]], [["embedding_1", 1, 0, {}]]]}, {"name": "concatenate_1", "class_name": "Concatenate", "config": {"name": "concatenate_1", "axis": -1, "trainable": true}, "inbound_nodes": [[["lstm_1", 0, 0, {}], ["lstm_1", 1, 0, {}]]]}, {"name": "dense_1", "class_name": "Dense", "config": {"trainable": true, "name": "dense_1", "activation": "sigmoid", "kernel_initializer": {"config": {"seed": null, "distribution": "uniform", "mode": "fan_avg", "scale": 1.0}, "class_name": "VarianceScaling"}, "units": 1, "bias_initializer": {"config": {}, "class_name": "Zeros"}, "kernel_constraint": null, "kernel_regularizer": null, "use_bias": true, "bias_constraint": null, "activity_regularizer": null, "bias_regularizer": null}, "inbound_nodes": [[["concatenate_1", 0, 0, {}]]]}], "output_layers": [["dense_1", 0, 0]], "input_layers": [["input_1", 0, 0], ["input_2", 0, 0]]}, "class_name": "Model", "keras_version": "2.1.5", "backend": "tensorflow"}